agency_id,agency_name,route_id,route_short_name,route_long_name,mode,route_fare,fare_type
ML,"Metropolitano de Lisboa, E.P.E.",A,Az,Azul,SUBWAY,1.65,SUBWAY
ML,"Metropolitano de Lisboa, E.P.E.",B,Am,Amarela,SUBWAY,1.65,SUBWAY
ML,"Metropolitano de Lisboa, E.P.E.",C,Vd,Verde,SUBWAY,1.65,SUBWAY
ML,"Metropolitano de Lisboa, E.P.E.",D,Vm,Vermelha,SUBWAY,1.65,SUBWAY
1,Carris,77_0,12E,Martim Moniz - Pç. Luis Camões,BUS,1.65,BUS
1,Carris,76_0,15E,Algés - Pç. Figueira,BUS,1.65,BUS
1,Carris,158_0,51E,Rua de São Pedro de Alcântara - Praça Restauradores,BUS,1.65,BUS
1,Carris,159_0,52E,Rua Câmara Pestana - Largo da Anunciada,BUS,1.65,BUS
1,Carris,78_0,18E,Cemitério Ajuda - Cais Sodré,BUS,1.65,BUS
1,Carris,60_0,201,Linda-A-Velha - Cais Sodré,BUS,1.65,BUS
1,Carris,61_0,202,B. Padre Cruz - Cais Sodré,BUS,1.65,BUS
1,Carris,61_1,202,Estação Benfica - Pontinha (Metro),BUS,1.65,BUS
1,Carris,62_0,203,Xabregas - Restelo,BUS,1.65,BUS
1,Carris,136_0,206,Odivelas - Cais Sodré,BUS,1.65,BUS
1,Carris,136_1,206,Esc. Rainha D. Leonor - Alta de Lisboa (Qta. Conchas),BUS,1.65,BUS
1,Carris,64_0,207,Fetais - Cais Sodré,BUS,1.65,BUS
1,Carris,65_0,208,Estação Oriente - Cais Sodré,BUS,1.65,BUS
1,Carris,160_0,53E,Rua de São Paulo - Rua de São Paulo,BUS,1.65,BUS
1,Carris,66_0,210,Prior Velho - Cais Sodré,BUS,1.65,BUS
1,Carris,79_0,25E,Pç. Figueira - Prazeres,BUS,1.65,BUS
1,Carris,75_0,28E,Martim Moniz - Pç. Luis Camões,BUS,1.65,BUS
1,Carris,208_0,26B,Parque Nações Sul - Parque Nações Norte,BUS,1.65,BUS
1,Carris,209_0,29B,Olivais Sul,BUS,1.65,BUS
1,Carris,210_0,31B, - ,BUS,1.65,BUS
1,Carris,211_0,32B,Circ. Bela Vista,BUS,1.65,BUS
1,Carris,212_0,40B,Lumiar - Alto Chapeleiro,BUS,1.65,BUS
1,Carris,144_0,759,Estação Oriente - Restauradoures,BUS,1.65,BUS
1,Carris,118_0,755,Poço Bispo - Sete Rios,BUS,1.65,BUS
1,Carris,213_0,24E,Praça Luís Camões - Campolide,BUS,1.65,BUS
1,Carris,121_0,723,Algés - Desterro,BUS,1.65,BUS
1,Carris,169_0,748,Linda-a-Velha - Marquês Pombal,BUS,1.65,BUS
1,Carris,174_0,796,Galinheiras - Campo Grande (Metro),BUS,1.65,BUS
1,Carris,167_0,753,Centro Sul - Pç. José Fontana,BUS,1.65,BUS
1,Carris,179_0,778,Colégio Militar (Metro) - Campo Grande (Metro),BUS,1.65,BUS
1,Carris,219_0,76B,Boa-Hora,BUS,1.65,BUS
1,Carris,221_0,79B,Algés,BUS,1.65,BUS
1,Carris,122_0,713,Estação Campolide - Alameda D. A. Henriques,BUS,1.65,BUS
1,Carris,220_0,73B,Centro Congressos,BUS,1.65,BUS
1,Carris,199_0,736,Odivelas - Rossio,BUS,1.65,BUS
1,Carris,199_1,736,Av. Liberdade - Lumiar,BUS,1.65,BUS
1,Carris,224_0,37B,Cruz da Pedra,BUS,1.65,BUS
1,Carris,147_0,706,Cais Sodré - Estação Sta. Apolónia,BUS,1.65,BUS
1,Carris,147_1,706,R. Morais Soares - Az. Alto Varejão,BUS,1.65,BUS
1,Carris,104_0,729,Algés - B. Padre Cruz,BUS,1.65,BUS
1,Carris,110_0,765,Portas Benfica - Colégio Militar (Metro),BUS,1.65,BUS
1,Carris,161_0,54E,R. Ouro - Lg. Carmo,BUS,1.65,BUS
1,Carris,226_0,34B,Olaias,BUS,1.65,BUS
1,Carris,178_0,724,Alcântara - Pontinha,BUS,1.65,BUS
1,Carris,191_0,770,Sete Rios,BUS,1.65,BUS
1,Carris,191_3,770,Centro Saúde Sete Rios - Palácio Marquês Fronteira,BUS,1.65,BUS
1,Carris,232_0,41B,Galinheiras - Qta. Lavadeiras,BUS,1.65,BUS
1,Carris,190_0,731,Portela - Av. José Malhoa,BUS,1.65,BUS
1,Carris,150_0,758,Cais Sodré - Portas Benfica,BUS,1.65,BUS
1,Carris,236_0,22B,Cais Sodré,BUS,1.65,BUS
1,Carris,143_0,720,Alto Sto. Amaro - Picheleira,BUS,1.65,BUS
1,Carris,143_1,720,Areeiro - Av. Afonso Costa - Estação Sto. Amaro,BUS,1.65,BUS
1,Carris,163_1,797,Alameda D. A. Henriques - R. Graça,BUS,1.65,BUS
1,Carris,165_0,703,B. Sta. Cruz - Charneca,BUS,1.65,BUS
1,Carris,124_0,773,Rato - Alcântara,BUS,1.65,BUS
1,Carris,112_1,767,Estação Damaia - R. Fernando Namora,BUS,1.65,BUS
1,Carris,238_0,64B,Campo Ourique,BUS,1.65,BUS
1,Carris,239_0,46B,Entrecampos,BUS,1.65,BUS
1,Carris,239_2,46B,Pç. Alvalade (Esc. Eugénio Santos) - R. Conde Arnoso,BUS,1.65,BUS
1,Carris,241_0,61B,Bela Flor - B. Liberdade,BUS,1.65,BUS
1,Carris,240_0,55B,Carnide,BUS,1.65,BUS
1,Carris,243_0,13B,Sapadores,BUS,1.65,BUS
1,Carris,244_0,52B,Sete Rios,BUS,1.65,BUS
1,Carris,245_0,19B,Campo Mártires Pátria,BUS,1.65,BUS
1,Carris,247_0,17B,Alameda D. A. Henriques,BUS,1.65,BUS
1,Carris,242_0,10B,Campo Cebolas,BUS,1.65,BUS
1,Carris,248_0,771,Sete Rios - Boa-Hora,BUS,1.65,BUS
1,Carris,250_0,65B,Campo Ourique,BUS,1.65,BUS
1,Carris,251_0,49B,Estação Roma-Areeiro / circulação Olaias,BUS,1.65,BUS
1,Carris,109_0,751,Linda-a-Velha - Estação Campolide,BUS,1.65,BUS
1,Carris,200_0,744,Restauradores - Moscavide,BUS,1.65,BUS
1,Carris,253_0,67B,Estrela,BUS,1.65,BUS
1,Carris,123_0,701,Campo Grande-Metro - Campo Ourique,BUS,1.65,BUS
1,Carris,123_3,701,Av. Forças Armadas - R. A. A. Machado / R. Tomás Fonseca,BUS,1.65,BUS
1,Carris,146_0,702,B. Liberdade - Marquês Pombal,BUS,1.65,BUS
1,Carris,146_1,702,R. Joaquim António Aguiar - Cç. Mestres,BUS,1.65,BUS
1,Carris,146_3,702,Serafina - B. Liberdade,BUS,1.65,BUS
1,Carris,176_0,705,Estação Roma-Areeiro - Estação Oriente,BUS,1.65,BUS
1,Carris,147_3,706,Pç. Chile / Av. Almirante Reis - Vale Escuro,BUS,1.65,BUS
1,Carris,100_0,708,Sacavém (Urb. Real Forte) - Martim Moniz,BUS,1.65,BUS
1,Carris,100_1,708,Av. Alm. Gago Coutinho - Av. Peregrinação,BUS,1.65,BUS
1,Carris,100_3,708,Estação Oriente - Av. Peregrinação,BUS,1.65,BUS
1,Carris,148_0,709,Rossio - Campo Ourique,BUS,1.65,BUS
1,Carris,101_0,711,Alto Damaia - Sul e Sueste,BUS,1.65,BUS
1,Carris,189_0,712,Alcântara-Mar - Estação Sta. Apolónia,BUS,1.65,BUS
1,Carris,189_2,712,Pç. Novas Nações - Gomes Freire - R. Joaquim Bonifácio,BUS,1.65,BUS
1,Carris,102_0,714,Outurela - Cais Sodré,BUS,1.65,BUS
1,Carris,102_4,714,R. Janelas Verdes (Museu Arte Antiga) - R. Proletariado,BUS,1.65,BUS
1,Carris,204_0,728,Portela - Restelo,BUS,1.65,BUS
1,Carris,204_1,728,Av. Mediterrâneo - Palácio Mitra,BUS,1.65,BUS
1,Carris,164_0,716,Benfica - Alameda D. A. Henriques,BUS,1.65,BUS
1,Carris,170_0,717,Fetais - Pç. Chile,BUS,1.65,BUS
1,Carris,106_4,750,R. Latino Coelho - R. Venezuela,BUS,1.65,BUS
1,Carris,170_4,717,Campo Grande (Metro) - Pç. D. António Ribeiro,BUS,1.65,BUS
1,Carris,105_0,718,ISEL - Estação Roma-Areeiro,BUS,1.65,BUS
1,Carris,196_0,722,Portela - Restauradores,BUS,1.65,BUS
1,Carris,203_0,783,Prior Velho - Amoreiras,BUS,1.65,BUS
1,Carris,121_1,723,R. Joaquim António Aguiar - Av. Universidade Técnica (UTL),BUS,1.65,BUS
1,Carris,121_4,723,Marquês Pombal - B. 2 Maio,BUS,1.65,BUS
1,Carris,178_1,724,Estação Benfica - Av. Gomes Pereira - Pontinha (Metro),BUS,1.65,BUS
1,Carris,178_3,724,Estação Benfica - Av. Gomes Pereira - Pontinha (Metro),BUS,1.65,BUS
1,Carris,197_0,725,Prior Velho - Estação Oriente,BUS,1.65,BUS
1,Carris,197_2,725,Estação Oriente - Rot. Encarnação,BUS,1.65,BUS
1,Carris,116_0,726,Pontinha Centro - Sapadores,BUS,1.65,BUS
1,Carris,116_3,726,Av. António Augusto Aguiar - Mal Penteada,BUS,1.65,BUS
1,Carris,116_4,726,S. Sebastião - Mal Penteada,BUS,1.65,BUS
1,Carris,103_0,727,Restelo - Estação Roma-Areeiro,BUS,1.65,BUS
1,Carris,103_1,727,Mq. Pombal - R. Braamcamp - Igreja Memória,BUS,1.65,BUS
1,Carris,103_4,727,B. S. Miguel - Av. Roma - R. Esperança (Museu Marioneta),BUS,1.65,BUS
1,Carris,103_2,727,Mq. Pombal - Av. Fontes P. Melo - Igreja Memória,BUS,1.65,BUS
1,Carris,103_5,727,Mq. Pombal - R. Braamcamp - R. Esperança (Museu Marioneta),BUS,1.65,BUS
1,Carris,75_8,28E,Cç. Estrela - R. João Deus,BUS,1.65,BUS
1,Carris,278_0,71B,Colégio Militar,BUS,1.65,BUS
1,Carris,279_0,72B,Colégio Militar,BUS,1.65,BUS
1,Carris,277_0,45B,Alta Lisboa - Paço Lumiar,BUS,1.65,BUS
1,Carris,103_3,727,Belém - Igreja Memória,BUS,1.65,BUS
1,Carris,204_3,728,Av. Mediterrâneo - Palácio Mitra,BUS,1.65,BUS
1,Carris,282_0,763,Colégio Militar (Metro) - Lumiar,BUS,1.65,BUS
1,Carris,204_4,728,Corpo Santo - Av. Infante Santo,BUS,1.65,BUS
1,Carris,104_5,729,B. Calhariz Benfica - Hosp. Luz,BUS,1.65,BUS
1,Carris,104_1,729,Belém - Cç. Ajuda - R. Bica Marquês,BUS,1.65,BUS
1,Carris,104_6,729,Cç. Ajuda / R. Gen. João Almeida - Centro Cultural Belém,BUS,1.65,BUS
1,Carris,198_0,730,Pç. José Fontana - Picheleira,BUS,1.65,BUS
1,Carris,190_1,731,Sete Rios - R. Diogo Macedo (Escola),BUS,1.65,BUS
1,Carris,107_2,732,Rossio - Esc. Paula Vicente,BUS,1.65,BUS
1,Carris,107_0,732,Caselas - Hosp. Sta. Maria,BUS,1.65,BUS
1,Carris,205_0,734,Martim Moniz - Estação Sta. Apolónia,BUS,1.65,BUS
1,Carris,205_4,734,Martim Moniz - R. Angelina Vidal,BUS,1.65,BUS
1,Carris,172_0,735,Cais Sodré - Hosp. Sta. Maria,BUS,1.65,BUS
1,Carris,172_1,735,Alameda D. A. Henriques - R. Mato Grosso,BUS,1.65,BUS
1,Carris,199_3,736,Martim Moniz - Hosp. Júlio Matos,BUS,1.65,BUS
1,Carris,173_0,737,Pç. Figueira - Castelo,BUS,1.65,BUS
1,Carris,117_0,738,Estrada Luz - Alto Sto. Amaro,BUS,1.65,BUS
1,Carris,114_0,742,B. Madre Deus - Pólo Univ. Ajuda,BUS,1.65,BUS
1,Carris,108_0,746,Estação Damaia - Marquês Pombal,BUS,1.65,BUS
1,Carris,108_3,746,Av. Liberdade - Portas Benfica,BUS,1.65,BUS
1,Carris,177_0,747,Pontinha (Metro) - Campo Grande (Metro),BUS,1.65,BUS
1,Carris,195_0,749,ISEL - Estação Entrecampos,BUS,1.65,BUS
1,Carris,106_0,750,Estação Oriente - Algés,BUS,1.65,BUS
1,Carris,106_3,750,R. Gen. Morais Sarmento - Esc. Miraflores,BUS,1.65,BUS
1,Carris,109_1,751,Estação Campolide - Calvário,BUS,1.65,BUS
1,Carris,109_3,751,Altinho (MAAT) - Esc. Miraflores,BUS,1.65,BUS
1,Carris,109_4,751,Estação Campolide - Calvário,BUS,1.65,BUS
1,Carris,167_4,753,Marquês Pombal - Portagem (Cristo-Rei),BUS,1.65,BUS
1,Carris,201_2,754,Estr. Benfica (Furnas) - Estr. Seminário,BUS,1.65,BUS
1,Carris,201_0,754,Campo Pequeno - Alfragide,BUS,1.65,BUS
1,Carris,175_0,756,Junqueira - Olaias,BUS,1.65,BUS
1,Carris,175_3,756,Av. João XXI / Pç. Londres - Calvário,BUS,1.65,BUS
1,Carris,171_0,760,Cemitério Ajuda - Gomes Freire,BUS,1.65,BUS
1,Carris,171_1,760,Martim Moniz - Boa Hora,BUS,1.65,BUS
1,Carris,171_3,760,Martim Moniz - Boa Hora,BUS,1.65,BUS
1,Carris,171_2,760,Corpo Santo - Av. Infante Santo,BUS,1.65,BUS
1,Carris,171_4,760,Martim Moniz - Av. Infante Santo,BUS,1.65,BUS
1,Carris,168_0,764,Cidade Universitária - Damaia de Cima,BUS,1.65,BUS
1,Carris,168_2,764,Estação Benfica - R. Carolina M. Vasc./ R. José P. Chaves,BUS,1.65,BUS
1,Carris,112_0,767,Reboleira (Metro) - Campo Mártires Pátria,BUS,1.65,BUS
1,Carris,111_0,768,Cidade Universitária - B. Padre Cruz,BUS,1.65,BUS
1,Carris,111_2,768,Sete Rios - R. Jaime Lopes Dias,BUS,1.65,BUS
1,Carris,192_0,774,Gomes Freire - Campo Ourique,BUS,1.65,BUS
1,Carris,192_1,774,Mq. Pombal - R. Alexandre Herculano - Santos-o-Velho,BUS,1.65,BUS
1,Carris,193_0,776,Cruz Quebrada - Algés,BUS,1.65,BUS
1,Carris,193_2,776,Algés - R. Bombeiros Voluntários Dafundo,BUS,1.65,BUS
1,Carris,151_0,781,Prior Velho - Cais Sodré,BUS,1.65,BUS
1,Carris,152_0,782,Moscavide - Cais Sodré,BUS,1.65,BUS
1,Carris,203_2,783,Av. Fontes P. Melo - Rot. Encarnação,BUS,1.65,BUS
1,Carris,203_3,783,Av. Liberdade - Igreja Encarnação,BUS,1.65,BUS
1,Carris,145_0,793,Marvila - Estação Roma-Areeiro,BUS,1.65,BUS
1,Carris,115_0,794,Sul e Sueste - Sul e Sueste,BUS,1.65,BUS
1,Carris,163_0,797,Alameda D. A. Henriques - Sapadores,BUS,1.65,BUS
1,Carris,194_0,798,Galinheiras - Campo Grande-Metro,BUS,1.65,BUS
1,Carris,194_3,798,Saldanha - Pç. D. António Ribeiro,BUS,1.65,BUS
1,Carris,120_0,799,Alfragide Norte - Alfragide Norte,BUS,1.65,BUS
